time_s,voltage_v
-2.500000650000e-01,3.187839000
-2.495000650000e-01,3.167738500
-2.490000650000e-01,3.228040000
-2.485000650000e-01,-0.048341500
-2.480000650000e-01,-0.048341500
-2.475000650000e-01,-0.028241000
-2.470000650000e-01,-0.028241000
-2.465000650000e-01,-0.048341500
-2.460000650000e-01,-0.048341500
-2.455000650000e-01,-0.048341500
-2.450000650000e-01,-0.048341500
-2.445000650000e-01,-0.048341500
-2.440000650000e-01,-0.048341500
-2.435000650000e-01,-0.048341500
-2.430000650000e-01,-0.048341500
-2.425000650000e-01,-0.048341500
-2.420000650000e-01,-0.048341500
-2.415000650000e-01,-0.028241000
-2.410000650000e-01,-0.048341500
-2.405000650000e-01,-0.048341500
-2.400000650000e-01,-0.048341500
-2.395000650000e-01,-0.048341500
-2.390000650000e-01,-0.048341500
-2.385000650000e-01,-0.048341500
-2.380000650000e-01,-0.048341500
-2.375000650000e-01,-0.048341500
-2.370000650000e-01,-0.048341500
-2.365000650000e-01,-0.048341500
-2.360000650000e-01,-0.048341500
-2.355000650000e-01,-0.048341500
-2.350000650000e-01,-0.048341500
-2.345000650000e-01,-0.048341500
-2.340000650000e-01,-0.048341500
-2.335000650000e-01,-0.048341500
-2.330000650000e-01,-0.048341500
-2.325000650000e-01,-0.048341500
-2.320000650000e-01,-0.048341500
-2.315000650000e-01,-0.048341500
-2.310000650000e-01,-0.028241000
-2.305000650000e-01,-0.048341500
-2.300000650000e-01,-0.048341500
-2.295000650000e-01,-0.028241000
-2.290000650000e-01,-0.048341500
-2.285000650000e-01,-0.048341500
-2.280000650000e-01,-0.048341500
-2.275000650000e-01,-0.028241000
-2.270000650000e-01,-0.048341500
-2.265000650000e-01,-0.048341500
-2.260000650000e-01,-0.048341500
-2.255000650000e-01,-0.048341500
-2.250000650000e-01,-0.048341500
-2.245000650000e-01,-0.048341500
-2.240000650000e-01,-0.048341500
-2.235000650000e-01,-0.028241000
-2.230000650000e-01,-0.028241000
-2.225000650000e-01,-0.048341500
-2.220000650000e-01,-0.048341500
-2.215000650000e-01,-0.048341500
-2.210000650000e-01,-0.048341500
-2.205000650000e-01,-0.048341500
-2.200000650000e-01,-0.028241000
-2.195000650000e-01,-0.028241000
-2.190000650000e-01,-0.048341500
-2.185000650000e-01,-0.028241000
-2.180000650000e-01,-0.028241000
-2.175000650000e-01,-0.048341500
-2.170000650000e-01,-0.048341500
-2.165000650000e-01,-0.048341500
-2.160000650000e-01,-0.048341500
-2.155000650000e-01,-0.028241000
-2.150000650000e-01,-0.048341500
-2.145000650000e-01,-0.048341500
-2.140000650000e-01,-0.048341500
-2.135000650000e-01,-0.048341500
-2.130000650000e-01,-0.048341500
-2.125000650000e-01,-0.048341500
-2.120000650000e-01,-0.048341500
-2.115000650000e-01,-0.048341500
-2.110000650000e-01,-0.028241000
-2.105000650000e-01,-0.048341500
-2.100000650000e-01,-0.048341500
-2.095000650000e-01,-0.048341500
-2.090000650000e-01,-0.048341500
-2.085000650000e-01,-0.048341500
-2.080000650000e-01,-0.048341500
-2.075000650000e-01,-0.048341500
-2.070000650000e-01,-0.048341500
-2.065000650000e-01,-0.048341500
-2.060000650000e-01,-0.048341500
-2.055000650000e-01,-0.048341500
-2.050000650000e-01,-0.048341500
-2.045000650000e-01,-0.048341500
-2.040000650000e-01,-0.048341500
-2.035000650000e-01,-0.048341500
-2.030000650000e-01,-0.048341500
-2.025000650000e-01,-0.048341500
-2.020000650000e-01,-0.028241000
-2.015000650000e-01,-0.048341500
-2.010000650000e-01,-0.028241000
-2.005000650000e-01,-0.048341500
-2.000000650000e-01,-0.028241000
-1.995000650000e-01,-0.048341500
-1.990000650000e-01,-0.048341500
-1.985000650000e-01,3.207939500
-1.980000650000e-01,3.228040000
-1.975000650000e-01,3.207939500
-1.970000650000e-01,3.207939500
-1.965000650000e-01,3.207939500
-1.960000650000e-01,3.207939500
-1.955000650000e-01,3.187839000
-1.950000650000e-01,3.187839000
-1.945000650000e-01,3.187839000
-1.940000650000e-01,3.207939500
-1.935000650000e-01,3.187839000
-1.930000650000e-01,3.228040000
-1.925000650000e-01,3.187839000
-1.920000650000e-01,3.187839000
-1.915000650000e-01,3.207939500
-1.910000650000e-01,3.228040000
-1.905000650000e-01,3.187839000
-1.900000650000e-01,3.167738500
-1.895000650000e-01,3.228040000
-1.890000650000e-01,3.207939500
-1.885000650000e-01,3.207939500
-1.880000650000e-01,3.228040000
-1.875000650000e-01,3.228040000
-1.870000650000e-01,3.207939500
-1.865000650000e-01,3.187839000
-1.860000650000e-01,3.228040000
-1.855000650000e-01,3.207939500
-1.850000650000e-01,3.207939500
-1.845000650000e-01,3.167738500
-1.840000650000e-01,3.207939500
-1.835000650000e-01,3.207939500
-1.830000650000e-01,3.187839000
-1.825000650000e-01,3.207939500
-1.820000650000e-01,3.187839000
-1.815000650000e-01,3.187839000
-1.810000650000e-01,3.207939500
-1.805000650000e-01,3.228040000
-1.800000650000e-01,3.248140500
-1.795000650000e-01,3.207939500
-1.790000650000e-01,3.228040000
-1.785000650000e-01,3.228040000
-1.780000650000e-01,3.147638000
-1.775000650000e-01,3.207939500
-1.770000650000e-01,3.207939500
-1.765000650000e-01,3.187839000
-1.760000650000e-01,3.228040000
-1.755000650000e-01,3.167738500
-1.750000650000e-01,3.167738500
-1.745000650000e-01,3.187839000
-1.740000650000e-01,3.207939500
-1.735000650000e-01,3.207939500
-1.730000650000e-01,3.147638000
-1.725000650000e-01,3.207939500
-1.720000650000e-01,3.228040000
-1.715000650000e-01,3.167738500
-1.710000650000e-01,3.187839000
-1.705000650000e-01,3.207939500
-1.700000650000e-01,3.187839000
-1.695000650000e-01,3.207939500
-1.690000650000e-01,3.207939500
-1.685000650000e-01,3.187839000
-1.680000650000e-01,3.207939500
-1.675000650000e-01,3.207939500
-1.670000650000e-01,3.187839000
-1.665000650000e-01,3.187839000
-1.660000650000e-01,3.207939500
-1.655000650000e-01,3.187839000
-1.650000650000e-01,3.207939500
-1.645000650000e-01,3.187839000
-1.640000650000e-01,3.207939500
-1.635000650000e-01,3.187839000
-1.630000650000e-01,3.207939500
-1.625000650000e-01,3.207939500
-1.620000650000e-01,3.228040000
-1.615000650000e-01,3.207939500
-1.610000650000e-01,3.207939500
-1.605000650000e-01,3.187839000
-1.600000650000e-01,3.207939500
-1.595000650000e-01,3.207939500
-1.590000650000e-01,3.167738500
-1.585000650000e-01,3.207939500
-1.580000650000e-01,3.207939500
-1.575000650000e-01,3.207939500
-1.570000650000e-01,3.207939500
-1.565000650000e-01,3.207939500
-1.560000650000e-01,3.228040000
-1.555000650000e-01,3.167738500
-1.550000650000e-01,3.248140500
-1.545000650000e-01,3.187839000
-1.540000650000e-01,3.207939500
-1.535000650000e-01,3.207939500
-1.530000650000e-01,3.187839000
-1.525000650000e-01,3.228040000
-1.520000650000e-01,3.207939500
-1.515000650000e-01,3.207939500
-1.510000650000e-01,3.228040000
-1.505000650000e-01,3.187839000
-1.500000650000e-01,3.207939500
-1.495000650000e-01,3.187839000
-1.490000650000e-01,-0.028241000
-1.485000650000e-01,-0.048341500
-1.480000650000e-01,-0.048341500
-1.475000650000e-01,-0.048341500
-1.470000650000e-01,-0.048341500
-1.465000650000e-01,-0.048341500
-1.460000650000e-01,-0.048341500
-1.455000650000e-01,-0.048341500
-1.450000650000e-01,-0.048341500
-1.445000650000e-01,-0.048341500
-1.440000650000e-01,-0.048341500
-1.435000650000e-01,-0.048341500
-1.430000650000e-01,-0.048341500
-1.425000650000e-01,-0.028241000
-1.420000650000e-01,-0.028241000
-1.415000650000e-01,-0.028241000
-1.410000650000e-01,-0.048341500
-1.405000650000e-01,-0.048341500
-1.400000650000e-01,-0.048341500
-1.395000650000e-01,-0.048341500
-1.390000650000e-01,-0.048341500
-1.385000650000e-01,-0.048341500
-1.380000650000e-01,-0.048341500
-1.375000650000e-01,-0.048341500
-1.370000650000e-01,-0.048341500
-1.365000650000e-01,-0.048341500
-1.360000650000e-01,-0.048341500
-1.355000650000e-01,-0.028241000
-1.350000650000e-01,-0.028241000
-1.345000650000e-01,-0.048341500
-1.340000650000e-01,-0.048341500
-1.335000650000e-01,-0.048341500
-1.330000650000e-01,-0.028241000
-1.325000650000e-01,-0.048341500
-1.320000650000e-01,-0.048341500
-1.315000650000e-01,-0.048341500
-1.310000650000e-01,-0.048341500
-1.305000650000e-01,-0.048341500
-1.300000650000e-01,-0.048341500
-1.295000650000e-01,-0.048341500
-1.290000650000e-01,-0.048341500
-1.285000650000e-01,-0.048341500
-1.280000650000e-01,-0.048341500
-1.275000650000e-01,-0.048341500
-1.270000650000e-01,-0.048341500
-1.265000650000e-01,-0.048341500
-1.260000650000e-01,-0.048341500
-1.255000650000e-01,-0.028241000
-1.250000650000e-01,-0.048341500
-1.245000650000e-01,-0.048341500
-1.240000650000e-01,-0.028241000
-1.235000650000e-01,-0.048341500
-1.230000650000e-01,-0.048341500
-1.225000650000e-01,-0.048341500
-1.220000650000e-01,-0.048341500
-1.215000650000e-01,-0.048341500
-1.210000650000e-01,-0.048341500
-1.205000650000e-01,-0.028241000
-1.200000650000e-01,-0.048341500
-1.195000650000e-01,-0.048341500
-1.190000650000e-01,-0.048341500
-1.185000650000e-01,-0.048341500
-1.180000650000e-01,-0.048341500
-1.175000650000e-01,-0.028241000
-1.170000650000e-01,-0.048341500
-1.165000650000e-01,-0.048341500
-1.160000650000e-01,-0.028241000
-1.155000650000e-01,-0.048341500
-1.150000650000e-01,-0.048341500
-1.145000650000e-01,-0.048341500
-1.140000650000e-01,-0.048341500
-1.135000650000e-01,-0.048341500
-1.130000650000e-01,-0.048341500
-1.125000650000e-01,-0.028241000
-1.120000650000e-01,-0.048341500
-1.115000650000e-01,-0.048341500
-1.110000650000e-01,-0.048341500
-1.105000650000e-01,-0.048341500
-1.100000650000e-01,-0.048341500
-1.095000650000e-01,-0.028241000
-1.090000650000e-01,-0.048341500
-1.085000650000e-01,-0.048341500
-1.080000650000e-01,-0.048341500
-1.075000650000e-01,-0.048341500
-1.070000650000e-01,-0.048341500
-1.065000650000e-01,-0.048341500
-1.060000650000e-01,-0.048341500
-1.055000650000e-01,-0.028241000
-1.050000650000e-01,-0.048341500
-1.045000650000e-01,-0.048341500
-1.040000650000e-01,-0.048341500
-1.035000650000e-01,-0.048341500
-1.030000650000e-01,-0.048341500
-1.025000650000e-01,-0.048341500
-1.020000650000e-01,-0.048341500
-1.015000650000e-01,-0.048341500
-1.010000650000e-01,-0.048341500
-1.005000650000e-01,-0.048341500
-1.000000650000e-01,-0.048341500
-9.950006500000e-02,-0.028241000
-9.900006500000e-02,3.187839000
-9.850006500000e-02,3.248140500
-9.800006500000e-02,3.248140500
-9.750006500000e-02,3.187839000
-9.700006500000e-02,3.207939500
-9.650006500000e-02,3.228040000
-9.600006500000e-02,3.207939500
-9.550006500000e-02,3.187839000
-9.500006500000e-02,3.187839000
-9.450006500000e-02,3.167738500
-9.400006500000e-02,3.187839000
-9.350006500000e-02,3.207939500
-9.300006500000e-02,3.207939500
-9.250006500000e-02,3.187839000
-9.200006500000e-02,3.207939500
-9.150006500000e-02,3.207939500
-9.100006500000e-02,3.228040000
-9.050006500000e-02,3.228040000
-9.000006500000e-02,3.187839000
-8.950006500000e-02,3.228040000
-8.900006500000e-02,3.187839000
-8.850006500000e-02,3.187839000
-8.800006500000e-02,3.207939500
-8.750006500000e-02,3.187839000
-8.700006500000e-02,3.228040000
-8.650006500000e-02,3.207939500
-8.600006500000e-02,3.207939500
-8.550006500000e-02,3.228040000
-8.500006500000e-02,3.187839000
-8.450006500000e-02,3.207939500
-8.400006500000e-02,3.207939500
-8.350006500000e-02,3.207939500
-8.300006500000e-02,3.187839000
-8.250006500000e-02,3.207939500
-8.200006500000e-02,3.207939500
-8.150006500000e-02,3.207939500
-8.100006500000e-02,3.187839000
-8.050006500000e-02,3.207939500
-8.000006500000e-02,3.228040000
-7.950006500000e-02,3.207939500
-7.900006500000e-02,3.207939500
-7.850006500000e-02,3.207939500
-7.800006500000e-02,3.187839000
-7.750006500000e-02,3.187839000
-7.700006500000e-02,3.228040000
-7.650006500000e-02,3.207939500
-7.600006500000e-02,3.187839000
-7.550006500000e-02,3.207939500
-7.500006500000e-02,3.187839000
-7.450006500000e-02,3.207939500
-7.400006500000e-02,3.228040000
-7.350006500000e-02,3.228040000
-7.300006500000e-02,3.228040000
-7.250006500000e-02,3.187839000
-7.200006500000e-02,3.228040000
-7.150006500000e-02,3.167738500
-7.100006500000e-02,3.228040000
-7.050006500000e-02,3.228040000
-7.000006500000e-02,3.207939500
-6.950006500000e-02,3.207939500
-6.900006500000e-02,3.228040000
-6.850006500000e-02,3.207939500
-6.800006500000e-02,3.187839000
-6.750006500000e-02,3.187839000
-6.700006500000e-02,3.187839000
-6.650006500000e-02,3.187839000
-6.600006500000e-02,3.228040000
-6.550006500000e-02,3.207939500
-6.500006500000e-02,3.228040000
-6.450006500000e-02,3.207939500
-6.400006500000e-02,3.228040000
-6.350006500000e-02,3.187839000
-6.300006500000e-02,3.187839000
-6.250006500000e-02,3.207939500
-6.200006500000e-02,3.207939500
-6.150006500000e-02,3.167738500
-6.100006500000e-02,3.187839000
-6.050006500000e-02,3.187839000
-6.000006500000e-02,3.207939500
-5.950006500000e-02,3.207939500
-5.900006500000e-02,3.207939500
-5.850006500000e-02,3.207939500
-5.800006500000e-02,3.207939500
-5.750006500000e-02,3.207939500
-5.700006500000e-02,3.228040000
-5.650006500000e-02,3.207939500
-5.600006500000e-02,3.207939500
-5.550006500000e-02,3.147638000
-5.500006500000e-02,3.228040000
-5.450006500000e-02,3.207939500
-5.400006500000e-02,3.228040000
-5.350006500000e-02,3.228040000
-5.300006500000e-02,3.228040000
-5.250006500000e-02,3.228040000
-5.200006500000e-02,3.207939500
-5.150006500000e-02,3.207939500
-5.100006500000e-02,3.228040000
-5.050006500000e-02,3.228040000
-5.000006500000e-02,3.207939500
-4.950006500000e-02,-0.048341500
-4.900006500000e-02,-0.048341500
-4.850006500000e-02,-0.048341500
-4.800006500000e-02,-0.048341500
-4.750006500000e-02,-0.048341500
-4.700006500000e-02,-0.048341500
-4.650006500000e-02,-0.048341500
-4.600006500000e-02,-0.048341500
-4.550006500000e-02,-0.048341500
-4.500006500000e-02,-0.048341500
-4.450006500000e-02,-0.048341500
-4.400006500000e-02,-0.048341500
-4.350006500000e-02,-0.048341500
-4.300006500000e-02,-0.048341500
-4.250006500000e-02,-0.048341500
-4.200006500000e-02,-0.048341500
-4.150006500000e-02,-0.048341500
-4.100006500000e-02,-0.048341500
-4.050006500000e-02,-0.048341500
-4.000006500000e-02,-0.048341500
-3.950006500000e-02,-0.048341500
-3.900006500000e-02,-0.048341500
-3.850006500000e-02,-0.048341500
-3.800006500000e-02,-0.048341500
-3.750006500000e-02,-0.028241000
-3.700006500000e-02,-0.028241000
-3.650006500000e-02,-0.048341500
-3.600006500000e-02,-0.048341500
-3.550006500000e-02,-0.048341500
-3.500006500000e-02,-0.048341500
-3.450006500000e-02,-0.028241000
-3.400006500000e-02,-0.048341500
-3.350006500000e-02,-0.048341500
-3.300006500000e-02,-0.048341500
-3.250006500000e-02,-0.048341500
-3.200006500000e-02,-0.048341500
-3.150006500000e-02,-0.048341500
-3.100006500000e-02,-0.048341500
-3.050006500000e-02,-0.048341500
-3.000006500000e-02,-0.048341500
-2.950006500000e-02,-0.048341500
-2.900006500000e-02,-0.028241000
-2.850006500000e-02,-0.028241000
-2.800006500000e-02,-0.028241000
-2.750006500000e-02,-0.048341500
-2.700006500000e-02,-0.048341500
-2.650006500000e-02,-0.048341500
-2.600006500000e-02,-0.048341500
-2.550006500000e-02,-0.048341500
-2.500006500000e-02,-0.048341500
-2.450006500000e-02,-0.048341500
-2.400006500000e-02,-0.028241000
-2.350006500000e-02,-0.048341500
-2.300006500000e-02,-0.028241000
-2.250006500000e-02,-0.048341500
-2.200006500000e-02,-0.028241000
-2.150006500000e-02,-0.028241000
-2.100006500000e-02,-0.048341500
-2.050006500000e-02,-0.048341500
-2.000006500000e-02,-0.048341500
-1.950006500000e-02,-0.048341500
-1.900006500000e-02,-0.048341500
-1.850006500000e-02,-0.028241000
-1.800006500000e-02,-0.048341500
-1.750006500000e-02,-0.048341500
-1.700006500000e-02,-0.048341500
-1.650006500000e-02,-0.028241000
-1.600006500000e-02,-0.048341500
-1.550006500000e-02,-0.048341500
-1.500006500000e-02,-0.048341500
-1.450006500000e-02,-0.048341500
-1.400006500000e-02,-0.028241000
-1.350006500000e-02,-0.048341500
-1.300006500000e-02,-0.048341500
-1.250006500000e-02,-0.048341500
-1.200006500000e-02,-0.048341500
-1.150006500000e-02,-0.028241000
-1.100006500000e-02,-0.028241000
-1.050006500000e-02,-0.048341500
-1.000006500000e-02,-0.048341500
-9.500065000000e-03,-0.048341500
-9.000065000000e-03,-0.048341500
-8.500065000000e-03,-0.048341500
-8.000065000000e-03,-0.048341500
-7.500065000000e-03,-0.048341500
-7.000065000000e-03,-0.048341500
-6.500065000000e-03,-0.048341500
-6.000065000000e-03,-0.048341500
-5.500065000000e-03,-0.048341500
-5.000065000000e-03,-0.048341500
-4.500065000000e-03,-0.048341500
-4.000065000000e-03,-0.048341500
-3.500065000000e-03,-0.048341500
-3.000065000000e-03,-0.048341500
-2.500065000000e-03,-0.048341500
-2.000065000000e-03,-0.048341500
-1.500065000000e-03,-0.048341500
-1.000065000000e-03,-0.048341500
-5.000650000000e-04,-0.028241000
-6.499999999354e-08,2.986834000
4.999350000000e-04,3.228040000
9.999350000000e-04,3.207939500
1.499935000000e-03,3.207939500
1.999935000000e-03,3.167738500
2.499935000000e-03,3.207939500
2.999935000000e-03,3.207939500
3.499935000000e-03,3.228040000
3.999935000000e-03,3.228040000
4.499935000000e-03,3.207939500
4.999935000000e-03,3.207939500
5.499935000000e-03,3.207939500
5.999935000000e-03,3.228040000
6.499935000000e-03,3.167738500
6.999935000000e-03,3.228040000
7.499935000000e-03,3.207939500
7.999935000000e-03,3.207939500
8.499935000000e-03,3.207939500
8.999935000000e-03,3.187839000
9.499935000000e-03,3.207939500
9.999935000000e-03,3.228040000
1.049993500000e-02,3.228040000
1.099993500000e-02,3.207939500
1.149993500000e-02,3.228040000
1.199993500000e-02,3.207939500
1.249993500000e-02,3.207939500
1.299993500000e-02,3.207939500
1.349993500000e-02,3.187839000
1.399993500000e-02,3.167738500
1.449993500000e-02,3.187839000
1.499993500000e-02,3.207939500
1.549993500000e-02,3.187839000
1.599993500000e-02,3.207939500
1.649993500000e-02,3.187839000
1.699993500000e-02,3.207939500
1.749993500000e-02,3.207939500
1.799993500000e-02,3.228040000
1.849993500000e-02,3.207939500
1.899993500000e-02,3.228040000
1.949993500000e-02,3.187839000
1.999993500000e-02,3.207939500
2.049993500000e-02,3.228040000
2.099993500000e-02,3.207939500
2.149993500000e-02,3.207939500
2.199993500000e-02,3.207939500
2.249993500000e-02,3.207939500
2.299993500000e-02,3.228040000
2.349993500000e-02,3.207939500
2.399993500000e-02,3.228040000
2.449993500000e-02,3.187839000
2.499993500000e-02,3.187839000
2.549993500000e-02,3.187839000
2.599993500000e-02,3.187839000
2.649993500000e-02,3.207939500
2.699993500000e-02,3.228040000
2.749993500000e-02,3.207939500
2.799993500000e-02,3.207939500
2.849993500000e-02,3.187839000
2.899993500000e-02,3.207939500
2.949993500000e-02,3.228040000
2.999993500000e-02,3.187839000
3.049993500000e-02,3.187839000
3.099993500000e-02,3.187839000
3.149993500000e-02,3.207939500
3.199993500000e-02,3.207939500
3.249993500000e-02,3.147638000
3.299993500000e-02,3.207939500
3.349993500000e-02,3.187839000
3.399993500000e-02,3.228040000
3.449993500000e-02,3.187839000
3.499993500000e-02,3.187839000
3.549993500000e-02,3.228040000
3.599993500000e-02,3.207939500
3.649993500000e-02,3.187839000
3.699993500000e-02,3.207939500
3.749993500000e-02,3.207939500
3.799993500000e-02,3.207939500
3.849993500000e-02,3.228040000
3.899993500000e-02,3.187839000
3.949993500000e-02,3.207939500
3.999993500000e-02,3.228040000
4.049993500000e-02,3.248140500
4.099993500000e-02,3.187839000
4.149993500000e-02,3.228040000
4.199993500000e-02,3.207939500
4.249993500000e-02,3.207939500
4.299993500000e-02,3.207939500
4.349993500000e-02,3.207939500
4.399993500000e-02,3.207939500
4.449993500000e-02,3.207939500
4.499993500000e-02,3.207939500
4.549993500000e-02,3.187839000
4.599993500000e-02,3.187839000
4.649993500000e-02,3.207939500
4.699993500000e-02,3.207939500
4.749993500000e-02,3.228040000
4.799993500000e-02,3.187839000
4.849993500000e-02,3.207939500
4.899993500000e-02,3.207939500
4.949993500000e-02,3.187839000
4.999993500000e-02,-0.048341500
5.049993500000e-02,-0.048341500
5.099993500000e-02,-0.048341500
5.149993500000e-02,-0.048341500
5.199993500000e-02,-0.048341500
5.249993500000e-02,-0.048341500
5.299993500000e-02,-0.048341500
5.349993500000e-02,-0.048341500
5.399993500000e-02,-0.048341500
5.449993500000e-02,-0.048341500
5.499993500000e-02,-0.048341500
5.549993500000e-02,-0.048341500
5.599993500000e-02,-0.048341500
5.649993500000e-02,-0.048341500
5.699993500000e-02,-0.048341500
5.749993500000e-02,-0.048341500
5.799993500000e-02,-0.048341500
5.849993500000e-02,-0.048341500
5.899993500000e-02,-0.048341500
5.949993500000e-02,-0.048341500
5.999993500000e-02,-0.048341500
6.049993500000e-02,-0.028241000
6.099993500000e-02,-0.048341500
6.149993500000e-02,-0.048341500
6.199993500000e-02,-0.048341500
6.249993500000e-02,-0.048341500
6.299993500000e-02,-0.048341500
6.349993500000e-02,-0.048341500
6.399993500000e-02,-0.048341500
6.449993500000e-02,-0.048341500
6.499993500000e-02,-0.048341500
6.549993500000e-02,-0.048341500
6.599993500000e-02,-0.048341500
6.649993500000e-02,-0.028241000
6.699993500000e-02,-0.028241000
6.749993500000e-02,-0.048341500
6.799993500000e-02,-0.028241000
6.849993500000e-02,-0.048341500
6.899993500000e-02,-0.048341500
6.949993500000e-02,-0.048341500
6.999993500000e-02,-0.048341500
7.049993500000e-02,-0.028241000
7.099993500000e-02,-0.048341500
7.149993500000e-02,-0.028241000
7.199993500000e-02,-0.028241000
7.249993500000e-02,-0.048341500
7.299993500000e-02,-0.048341500
7.349993500000e-02,-0.048341500
7.399993500000e-02,-0.048341500
7.449993500000e-02,-0.048341500
7.499993500000e-02,-0.048341500
7.549993500000e-02,-0.048341500
7.599993500000e-02,-0.048341500
7.649993500000e-02,-0.028241000
7.699993500000e-02,-0.028241000
7.749993500000e-02,-0.048341500
7.799993500000e-02,-0.048341500
7.849993500000e-02,-0.048341500
7.899993500000e-02,-0.048341500
7.949993500000e-02,-0.048341500
7.999993500000e-02,-0.048341500
8.049993500000e-02,-0.048341500
8.099993500000e-02,-0.048341500
8.149993500000e-02,-0.048341500
8.199993500000e-02,-0.048341500
8.249993500000e-02,-0.048341500
8.299993500000e-02,-0.048341500
8.349993500000e-02,-0.048341500
8.399993500000e-02,-0.048341500
8.449993500000e-02,-0.048341500
8.499993500000e-02,-0.028241000
8.549993500000e-02,-0.048341500
8.599993500000e-02,-0.048341500
8.649993500000e-02,-0.048341500
8.699993500000e-02,-0.028241000
8.749993500000e-02,-0.048341500
8.799993500000e-02,-0.048341500
8.849993500000e-02,-0.048341500
8.899993500000e-02,-0.048341500
8.949993500000e-02,-0.028241000
8.999993500000e-02,-0.048341500
9.049993500000e-02,-0.048341500
9.099993500000e-02,-0.048341500
9.149993500000e-02,-0.048341500
9.199993500000e-02,-0.028241000
9.249993500000e-02,-0.048341500
9.299993500000e-02,-0.048341500
9.349993500000e-02,-0.028241000
9.399993500000e-02,-0.048341500
9.449993500000e-02,-0.048341500
9.499993500000e-02,-0.048341500
9.549993500000e-02,-0.048341500
9.599993500000e-02,-0.048341500
9.649993500000e-02,-0.048341500
9.699993500000e-02,-0.028241000
9.749993500000e-02,-0.028241000
9.799993500000e-02,-0.048341500
9.849993500000e-02,-0.048341500
9.899993500000e-02,-0.048341500
9.949993500000e-02,3.187839000
9.999993500000e-02,3.207939500
1.004999350000e-01,3.228040000
1.009999350000e-01,3.207939500
1.014999350000e-01,3.187839000
1.019999350000e-01,3.207939500
1.024999350000e-01,3.207939500
1.029999350000e-01,3.228040000
1.034999350000e-01,3.207939500
1.039999350000e-01,3.228040000
1.044999350000e-01,3.187839000
1.049999350000e-01,3.228040000
1.054999350000e-01,3.207939500
1.059999350000e-01,3.207939500
1.064999350000e-01,3.187839000
1.069999350000e-01,3.207939500
1.074999350000e-01,3.228040000
1.079999350000e-01,3.187839000
1.084999350000e-01,3.207939500
1.089999350000e-01,3.207939500
1.094999350000e-01,3.207939500
1.099999350000e-01,3.248140500
1.104999350000e-01,3.187839000
1.109999350000e-01,3.228040000
1.114999350000e-01,3.187839000
1.119999350000e-01,3.207939500
1.124999350000e-01,3.228040000
1.129999350000e-01,3.187839000
1.134999350000e-01,3.207939500
1.139999350000e-01,3.187839000
1.144999350000e-01,3.187839000
1.149999350000e-01,3.187839000
1.154999350000e-01,3.207939500
1.159999350000e-01,3.187839000
1.164999350000e-01,3.228040000
1.169999350000e-01,3.207939500
1.174999350000e-01,3.207939500
1.179999350000e-01,3.207939500
1.184999350000e-01,3.228040000
1.189999350000e-01,3.228040000
1.194999350000e-01,3.228040000
1.199999350000e-01,3.187839000
1.204999350000e-01,3.187839000
1.209999350000e-01,3.228040000
1.214999350000e-01,3.207939500
1.219999350000e-01,3.187839000
1.224999350000e-01,3.207939500
1.229999350000e-01,3.207939500
1.234999350000e-01,3.228040000
1.239999350000e-01,3.167738500
1.244999350000e-01,3.207939500
1.249999350000e-01,3.167738500
1.254999350000e-01,3.187839000
1.259999350000e-01,3.187839000
1.264999350000e-01,3.228040000
1.269999350000e-01,3.228040000
1.274999350000e-01,3.187839000
1.279999350000e-01,3.207939500
1.284999350000e-01,3.228040000
1.289999350000e-01,3.167738500
1.294999350000e-01,3.228040000
1.299999350000e-01,3.207939500
1.304999350000e-01,3.187839000
1.309999350000e-01,3.228040000
1.314999350000e-01,3.187839000
1.319999350000e-01,3.228040000
1.324999350000e-01,3.207939500
1.329999350000e-01,3.187839000
1.334999350000e-01,3.187839000
1.339999350000e-01,3.228040000
1.344999350000e-01,3.207939500
1.349999350000e-01,3.228040000
1.354999350000e-01,3.187839000
1.359999350000e-01,3.167738500
1.364999350000e-01,3.187839000
1.369999350000e-01,3.228040000
1.374999350000e-01,3.207939500
1.379999350000e-01,3.228040000
1.384999350000e-01,3.207939500
1.389999350000e-01,3.187839000
1.394999350000e-01,3.207939500
1.399999350000e-01,3.167738500
1.404999350000e-01,3.207939500
1.409999350000e-01,3.228040000
1.414999350000e-01,3.207939500
1.419999350000e-01,3.207939500
1.424999350000e-01,3.187839000
1.429999350000e-01,3.187839000
1.434999350000e-01,3.228040000
1.439999350000e-01,3.228040000
1.444999350000e-01,3.228040000
1.449999350000e-01,3.187839000
1.454999350000e-01,3.207939500
1.459999350000e-01,3.228040000
1.464999350000e-01,3.187839000
1.469999350000e-01,3.167738500
1.474999350000e-01,3.228040000
1.479999350000e-01,3.187839000
1.484999350000e-01,3.207939500
1.489999350000e-01,3.187839000
1.494999350000e-01,-0.048341500
1.499999350000e-01,-0.048341500
1.504999350000e-01,-0.048341500
1.509999350000e-01,-0.048341500
1.514999350000e-01,-0.048341500
1.519999350000e-01,-0.028241000
1.524999350000e-01,-0.048341500
1.529999350000e-01,-0.048341500
1.534999350000e-01,-0.048341500
1.539999350000e-01,-0.048341500
1.544999350000e-01,-0.028241000
1.549999350000e-01,-0.048341500
1.554999350000e-01,-0.048341500
1.559999350000e-01,-0.048341500
1.564999350000e-01,-0.048341500
1.569999350000e-01,-0.048341500
1.574999350000e-01,-0.048341500
1.579999350000e-01,-0.048341500
1.584999350000e-01,-0.048341500
1.589999350000e-01,-0.028241000
1.594999350000e-01,-0.048341500
1.599999350000e-01,-0.048341500
1.604999350000e-01,-0.048341500
1.609999350000e-01,-0.048341500
1.614999350000e-01,-0.048341500
1.619999350000e-01,-0.048341500
1.624999350000e-01,-0.048341500
1.629999350000e-01,-0.048341500
1.634999350000e-01,-0.048341500
1.639999350000e-01,-0.048341500
1.644999350000e-01,-0.048341500
1.649999350000e-01,-0.048341500
1.654999350000e-01,-0.048341500
1.659999350000e-01,-0.048341500
1.664999350000e-01,-0.048341500
1.669999350000e-01,-0.048341500
1.674999350000e-01,-0.048341500
1.679999350000e-01,-0.048341500
1.684999350000e-01,-0.048341500
1.689999350000e-01,-0.028241000
1.694999350000e-01,-0.048341500
1.699999350000e-01,-0.048341500
1.704999350000e-01,-0.048341500
1.709999350000e-01,-0.028241000
1.714999350000e-01,-0.048341500
1.719999350000e-01,-0.048341500
1.724999350000e-01,-0.048341500
1.729999350000e-01,-0.048341500
1.734999350000e-01,-0.028241000
1.739999350000e-01,-0.048341500
1.744999350000e-01,-0.048341500
1.749999350000e-01,-0.048341500
1.754999350000e-01,-0.048341500
1.759999350000e-01,-0.048341500
1.764999350000e-01,-0.048341500
1.769999350000e-01,-0.028241000
1.774999350000e-01,-0.028241000
1.779999350000e-01,-0.048341500
1.784999350000e-01,-0.028241000
1.789999350000e-01,-0.048341500
1.794999350000e-01,-0.048341500
1.799999350000e-01,-0.048341500
1.804999350000e-01,-0.028241000
1.809999350000e-01,-0.048341500
1.814999350000e-01,-0.048341500
1.819999350000e-01,-0.048341500
1.824999350000e-01,-0.048341500
1.829999350000e-01,-0.028241000
1.834999350000e-01,-0.028241000
1.839999350000e-01,-0.048341500
1.844999350000e-01,-0.048341500
1.849999350000e-01,-0.028241000
1.854999350000e-01,-0.048341500
1.859999350000e-01,-0.048341500
1.864999350000e-01,-0.048341500
1.869999350000e-01,-0.048341500
1.874999350000e-01,-0.048341500
1.879999350000e-01,-0.048341500
1.884999350000e-01,-0.048341500
1.889999350000e-01,-0.048341500
1.894999350000e-01,-0.048341500
1.899999350000e-01,-0.028241000
1.904999350000e-01,-0.048341500
1.909999350000e-01,-0.048341500
1.914999350000e-01,-0.028241000
1.919999350000e-01,-0.048341500
1.924999350000e-01,-0.048341500
1.929999350000e-01,-0.048341500
1.934999350000e-01,-0.048341500
1.939999350000e-01,-0.048341500
1.944999350000e-01,-0.048341500
1.949999350000e-01,-0.048341500
1.954999350000e-01,-0.048341500
1.959999350000e-01,-0.028241000
1.964999350000e-01,-0.048341500
1.969999350000e-01,-0.048341500
1.974999350000e-01,-0.048341500
1.979999350000e-01,-0.048341500
1.984999350000e-01,-0.048341500
1.989999350000e-01,3.207939500
1.994999350000e-01,3.187839000
1.999999350000e-01,3.207939500
2.004999350000e-01,3.187839000
2.009999350000e-01,3.207939500
2.014999350000e-01,3.228040000
2.019999350000e-01,3.207939500
2.024999350000e-01,3.228040000
2.029999350000e-01,3.207939500
2.034999350000e-01,3.207939500
2.039999350000e-01,3.228040000
2.044999350000e-01,3.228040000
2.049999350000e-01,3.228040000
2.054999350000e-01,3.228040000
2.059999350000e-01,3.187839000
2.064999350000e-01,3.207939500
2.069999350000e-01,3.207939500
2.074999350000e-01,3.167738500
2.079999350000e-01,3.228040000
2.084999350000e-01,3.228040000
2.089999350000e-01,3.187839000
2.094999350000e-01,3.207939500
2.099999350000e-01,3.207939500
2.104999350000e-01,3.207939500
2.109999350000e-01,3.207939500
2.114999350000e-01,3.187839000
2.119999350000e-01,3.228040000
2.124999350000e-01,3.187839000
2.129999350000e-01,3.187839000
2.134999350000e-01,3.228040000
2.139999350000e-01,3.228040000
2.144999350000e-01,3.228040000
2.149999350000e-01,3.228040000
2.154999350000e-01,3.207939500
2.159999350000e-01,3.187839000
2.164999350000e-01,3.207939500
2.169999350000e-01,3.207939500
2.174999350000e-01,3.187839000
2.179999350000e-01,3.187839000
2.184999350000e-01,3.207939500
2.189999350000e-01,3.187839000
2.194999350000e-01,3.228040000
2.199999350000e-01,3.207939500
2.204999350000e-01,3.187839000
2.209999350000e-01,3.207939500
2.214999350000e-01,3.207939500
2.219999350000e-01,3.187839000
2.224999350000e-01,3.207939500
2.229999350000e-01,3.187839000
2.234999350000e-01,3.207939500
2.239999350000e-01,3.207939500
2.244999350000e-01,3.187839000
2.249999350000e-01,3.187839000
2.254999350000e-01,3.207939500
2.259999350000e-01,3.207939500
2.264999350000e-01,3.187839000
2.269999350000e-01,3.228040000
2.274999350000e-01,3.228040000
2.279999350000e-01,3.207939500
2.284999350000e-01,3.207939500
2.289999350000e-01,3.207939500
2.294999350000e-01,3.207939500
2.299999350000e-01,3.207939500
2.304999350000e-01,3.228040000
2.309999350000e-01,3.228040000
2.314999350000e-01,3.187839000
2.319999350000e-01,3.207939500
2.324999350000e-01,3.187839000
2.329999350000e-01,3.207939500
2.334999350000e-01,3.228040000
2.339999350000e-01,3.207939500
2.344999350000e-01,3.187839000
2.349999350000e-01,3.228040000
2.354999350000e-01,3.187839000
2.359999350000e-01,3.207939500
2.364999350000e-01,3.228040000
2.369999350000e-01,3.228040000
2.374999350000e-01,3.147638000
2.379999350000e-01,3.187839000
2.384999350000e-01,3.187839000
2.389999350000e-01,3.187839000
2.394999350000e-01,3.207939500
2.399999350000e-01,3.187839000
2.404999350000e-01,3.207939500
2.409999350000e-01,3.207939500
2.414999350000e-01,3.187839000
2.419999350000e-01,3.207939500
2.424999350000e-01,3.207939500
2.429999350000e-01,3.207939500
2.434999350000e-01,3.248140500
2.439999350000e-01,3.207939500
2.444999350000e-01,3.207939500
2.449999350000e-01,3.187839000
2.454999350000e-01,3.228040000
2.459999350000e-01,3.187839000
2.464999350000e-01,3.248140500
2.469999350000e-01,3.207939500
2.474999350000e-01,3.207939500
2.479999350000e-01,3.207939500
2.484999350000e-01,3.187839000
2.489999350000e-01,-0.048341500
2.494999350000e-01,-0.048341500
